date,value,type
"Mar 13, 2023 (Jan)",-9.85B,ca
"Feb 13, 2023 (Dec)",-5.91B,ca
"Jan 11, 2023 (Nov)",-3.67B,ca
"Dec 12, 2022 (Oct)",-0.36B,ca
"Nov 11, 2022 (Sep)",-2.97B,ca
"Oct 11, 2022 (Aug)",-3.11B,ca
"Sep 12, 2022 (Jul)",-4.01B,ca
"Aug 11, 2022 (Jun)",-3.46B,ca
"Jul 08, 2022 (May)",-6.47B,ca
"Jun 13, 2022 (Apr)",-2.74B,ca
"May 16, 2022 (Mar)",-5.55B,ca
"Apr 11, 2022 (Feb)",-5.15B,ca
"Mar 11, 2022 (Jan)",-7.11B,ca
"Feb 11, 2022 (Dec)",-3.84B,ca
"Jan 11, 2022 (Nov)",-2.68B,ca
"Dec 13, 2021 (Oct)",3.16B,ca
"Nov 11, 2021 (Sep)",1.65B,ca
"Oct 11, 2021 (Aug)",0.53B,ca
"Sep 13, 2021 (Jul)",-0.68B,ca
"Aug 13, 2021 (Jun)",-1.13B,ca
"Jul 09, 2021 (May)",-3.08B,ca
"Jun 14, 2021 (Apr)",-1.71B,ca
"May 11, 2021 (Mar)",-3.33B,ca
"Apr 12, 2021 (Feb)",-2.61B,ca
"Mar 11, 2021 (Jan)",-1.87B,ca
"Feb 12, 2021 (Dec)",-3.21B,ca
"Jan 11, 2021",-4.06B,ca
"Dec 11, 2020 (Oct)",-0.27B,ca
"Nov 11, 2020 (Sep)",-2.36B,ca
"Oct 12, 2020 (Aug)",-4.63B,ca
"Sep 11, 2020 (Jul)",-1.82B,ca
"Aug 14, 2020 (Jun)",-2.93B,ca
"Jul 13, 2020 (May)",-3.76B,ca
"Jun 12, 2020 (Apr)",-5.06B,ca
"May 13, 2020 (Mar)",-4.92B,ca
"Apr 13, 2020 (Feb)",-1.23B,ca
"Mar 11, 2020 (Jan)",-1.80B,ca
"Feb 14, 2020 (Dec)",-2.80B,ca
"Jan 13, 2020 (Nov)",-0.52B,ca
"Dec 11, 2019 (Oct)",1.55B,ca
"Nov 12, 2019 (Sep)",2.48B,ca
"Oct 11, 2019 (Aug)",2.60B,ca
"Sep 13, 2019 (Jul)",1.16B,ca
"Aug 09, 2019 (Jun)",-0.55B,ca
"Jul 11, 2019 (May)",0.15B,ca
"Jun 14, 2019 (Apr)",-1.33B,ca
"May 13, 2019 (Mar)",-0.59B,ca
"Apr 11, 2019 (Feb)",-0.72B,ca
"Mar 11, 2019 (Jan)",-0.81B,ca
"Feb 14, 2019 (Dec)",-1.44B,ca
"Jan 11, 2019 (Nov)",0.99B,ca
"Dec 11, 2018 (Oct)",2.77B,ca
"Nov 12, 2018 (Sep)",1.83B,ca
"Oct 11, 2018 (Aug)",2.59B,ca
"Sep 14, 2018 (Jul)",-1.75B,ca
"Aug 10, 2018 (Jun)",-2.97B,ca
"Jul 11, 2018 (May)",-5.89B,ca
"Jun 11, 2018 (Apr)",-5.43B,ca
"May 14, 2018 (Mar)",-4.81B,ca
"Apr 11, 2018 (Feb)",-4.15B,ca
"Mar 12, 2018 (Jan)",-7.10B,ca
"Feb 14, 2018 (Dec)",-7.70B,ca
"Jan 12, 2018 (Nov)",-4.20B,ca
"Dec 11, 2017 (Oct)",-3.83B,ca
"Nov 13, 2017 (Sep)",-4.53B,ca
"Oct 11, 2017 (Aug)",-1.24B,ca
"Sep 15, 2017 (Jul)",-5.12B,ca
"Aug 11, 2017 (Jun)",-3.76B,ca
"Jul 13, 2017 (May)",-5.24B,ca
"Jun 12, 2017 (Apr)",-3.62B,ca
"May 11, 2017 (Mar)",-3.06B,ca
"Apr 11, 2017 (Feb)",-2.53B,ca
"Mar 13, 2017 (Jan)",-2.76B,ca
"Feb 14, 2017 (Dec)",-4.27B,ca
"Jan 11, 2017 (Nov)",-2.27B,ca
"Dec 12, 2016 (Oct)",-1.67B,ca
"Nov 11, 2016 (Sep)",-1.68B,ca
"Oct 12, 2016 (Aug)",-1.78B,ca
"Sep 09, 2016 (Jul)",-2.60B,ca
"Aug 11, 2016 (Jun)",-4.94B,ca
"Jul 14, 2016 (May)",-2.86B,ca
"Jun 10, 2016 (Apr)",-2.96B,ca
"May 10, 2016 (Mar)",-3.68B,ca
"Apr 11, 2016 (Feb)",-1.78B,ca
"Mar 10, 2016 (Jan)",-2.23B,ca
"Feb 11, 2016 (Dec)",-5.07B,ca
"Jan 11, 2016 (Nov)",-2.11B,ca
"Dec 10, 2015 (Oct)",-0.13B,ca
"Nov 11, 2015 (Sep)",0.09B,ca
"Oct 14, 2015 (Aug)",-0.16B,ca
"Sep 10, 2015 (Jul)",-3.15B,ca
"Aug 11, 2015 (Jun)",-3.36B,ca
"Jul 10, 2015 (May)",-3.99B,ca
"Jun 11, 2015 (Apr)",-3.41B,ca
"May 12, 2015 (Mar)",-4.96B,ca
"Apr 10, 2015 (Feb)",-3.20B,ca
"Mar 11, 2015 (Jan)",-2.00B,ca
"Feb 11, 2015 (Dec)",-6.82B,ca
"Jan 13, 2015 (Nov)",-5.64B,ca
"Dec 11, 2014 (Oct)",-2.03B,ca
"Nov 13, 2014 (Sep)",-2.22B,ca
"Oct 15, 2014 (Aug)",-2.77B,ca
"Sep 11, 2014",-2.63B,ca
"Aug 01, 2014 (Jul)",-2.39B,ca
"Jul 01, 2014 (Jun)",-4.17B,ca
"Jun 01, 2014 (May)",-3.65B,ca
"May 01, 2014 (Apr)",-4.93B,ca
"Apr 01, 2014 (Mar)",-3.39B,ca
"Mar 01, 2014 (Feb)",-3.38B,ca
"Feb 01, 2014 (Jan)",-5.02B,ca
"Jan 01, 2014 (Dec)",-8.35B,ca
"Dec 01, 2013 (Nov)",-4.18B,ca
"Nov 01, 2013 (Oct)",-3.25B,ca
"Oct 01, 2013 (Sep)",-3.36B,ca
"Sep 01, 2013 (Aug)",-2.39B,ca
"Aug 01, 2013 (Jul)",-6.25B,ca
"Jul 01, 2013 (Jun)",-4.76B,ca
"Jun 01, 2013 (May)",-7.59B,ca
"May 01, 2013 (Apr)",-8.10B,ca
"Apr 01, 2013 (Mar)",-5.62B,ca
"Mar 01, 2013 (Feb)",-5.05B,ca
"Feb 01, 2013 (Jan)",-5.77B,ca
"Jan 01, 2013 (Dec)",-4.86B,ca
"Dec 01, 2012 (Nov)",-4.08B,ca
"Nov 01, 2012 (Oct)",-1.18B,ca
"Oct 01, 2012 (Sep)",-2.65B,ca
"Sep 01, 2012 (Aug)",-1.32B,ca
"Aug 01, 2012 (Jul)",-4.14B,ca
"Jul 01, 2012 (Jun)",-4.01B,ca
"Jun 01, 2012 (May)",-5.35B,ca
"May 01, 2012 (Apr)",-4.61B,ca
"Apr 01, 2012 (Mar)",-6.28B,ca
"Mar 01, 2012 (Feb)",-4.27B,ca
"Feb 01, 2012 (Jan)",-5.82B,ca
"Jan 01, 2012 (Dec)",-6.50B,ca
"Dec 01, 2011 (Nov)",-5.23B,ca
"Nov 01, 2011 (Oct)",-4.13B,ca
"Oct 01, 2011 (Sep)",-6.11B,ca
"Sep 01, 2011 (Aug)",-3.73B,ca
"Aug 01, 2011 (Jul)",-5.14B,ca
"Jul 01, 2011 (Jun)",-7.61B,ca
"Jun 01, 2011 (May)",-7.69B,ca
"May 01, 2011 (Apr)",-7.54B,ca
"Apr 01, 2011 (Mar)",-9.46B,ca
"Mar 01, 2011 (Feb)",-5.96B,ca
"Feb 01, 2011 (Jan)",-5.93B,ca
"Jan 01, 2011 (Dec)",-7.55B,ca
"Dec 01, 2010 (Nov)",-5.93B,ca
"Nov 01, 2010 (Oct)",-3.11B,ca
"Oct 01, 2010 (Sep)",-3.53B,ca
"Sep 01, 2010 (Aug)",-2.71B,ca
"Aug 01, 2010 (Jul)",-3.27B,ca
"Jul 01, 2010 (Jun)",-3.14B,ca
"Jun 01, 2010 (May)",-2.72B,ca
"May 01, 2010 (Apr)",-4.19B,ca
"Apr 01, 2010 (Mar)",-4.13B,ca
"Mar 01, 2010 (Feb)",-2.08B,ca
"Feb 01, 2010 (Jan)",-2.97B,ca
"Jan 01, 2010 (Dec)",-3.23B,ca
"Dec 01, 2009 (Nov)",-1.73B,ca
"Nov 01, 2009 (Oct)",0.63B,ca
"Oct 01, 2009 (Sep)",-0.70B,ca
"Sep 01, 2009 (Aug)",-0.22B,ca
"Aug 01, 2009 (Jul)",-0.22B,ca
"Jul 01, 2009 (Jun)",-1.97B,ca
"Jun 01, 2009 (May)",-1.41B,ca
"May 01, 2009 (Apr)",-1.44B,ca
"Apr 01, 2009 (Mar)",-1.13B,ca
"Mar 01, 2009 (Feb)",-0.20B,ca
"Feb 01, 2009 (Jan)",-0.38B,ca
"Jan 01, 2009 (Dec)",-3.10B,ca
"Dec 01, 2008 (Nov)",-0.42B,ca
"Nov 01, 2008 (Oct)",-2.34B,ca
"Oct 01, 2008 (Sep)",-0.72B,ca
"Sep 01, 2008 (Aug)",-2.72B,ca
"Aug 01, 2008 (Jul)",-3.75B,ca
"Jul 01, 2008 (Jun)",-5.32B,ca
"Jun 01, 2008 (May)",-4.63B,ca
"May 01, 2008 (Apr)",-5.08B,ca
"Apr 01, 2008 (Mar)",-4.21B,ca
"Mar 01, 2008 (Feb)",-3.82B,ca
"Feb 01, 2008 (Jan)",-4.10B,ca
"Jan 01, 2008 (Dec)",-5.31B,ca
"Dec 01, 2007 (Nov)",-3.40B,ca
"Nov 01, 2007 (Oct)",-3.28B,ca
"Oct 01, 2007 (Sep)",-2.20B,ca
"Sep 01, 2007 (Aug)",-1.55B,ca
"Aug 01, 2007 (Jul)",-2.75B,ca
"Jul 01, 2007 (Jun)",-3.05B,ca
"Jun 01, 2007 (May)",-3.56B,ca
"May 01, 2007 (Apr)",-3.28B,ca
"Apr 01, 2007 (Mar)",-3.06B,ca
"Mar 01, 2007 (Feb)",-3.15B,ca
"Feb 01, 2007 (Jan)",-3.19B,ca
"Jan 01, 2007 (Dec)",-2.80B,ca
"Dec 01, 2006 (Nov)",-2.88B,ca
"Nov 01, 2006 (Oct)",-2.14B,ca
"Oct 01, 2006 (Sep)",-1.40B,ca
"Sep 01, 2006 (Aug)",-1.43B,ca
"Aug 01, 2006 (Jul)",-1.70B,ca
"Jul 01, 2006 (Jun)",-2.74B,ca
"Jun 01, 2006 (May)",-4.09B,ca
"May 01, 2006 (Apr)",-3.80B,ca
"Apr 01, 2006 (Mar)",-3.10B,ca
"Mar 01, 2006 (Feb)",-3.27B,ca
"Feb 01, 2006 (Jan)",-2.48B,ca
"Jan 01, 2006 (Dec)",-3.79B,ca
"Dec 01, 2005 (Nov)",-2.60B,ca
"Nov 01, 2005 (Oct)",-0.70B,ca
"Oct 01, 2005 (Sep)",-0.06B,ca
"Sep 01, 2005 (Aug)",-0.92B,ca
"Aug 01, 2005 (Jul)",-0.86B,ca
"Jul 01, 2005 (Jun)",-1.98B,ca
"Jun 01, 2005 (May)",-2.11B,ca
"May 01, 2005 (Apr)",-2.37B,ca
"Apr 01, 2005 (Mar)",-2.27B,ca
"Mar 01, 2005 (Feb)",-2.34B,ca
"Feb 01, 2005 (Jan)",-1.48B,ca
"Jan 01, 2005 (Dec)",-2.73B,ca
"Dec 01, 2004 (Nov)",-1.86B,ca
"Nov 01, 2004 (Oct)",0.06B,ca
"Oct 01, 2004 (Sep)",0.29B,ca
"Sep 01, 2004 (Aug)",0.21B,ca
"Aug 01, 2004 (Jul)",-0.56B,ca
"Jul 01, 2004 (Jun)",-1.33B,ca
"Jun 01, 2004 (May)",-1.18B,ca
"May 01, 2004 (Apr)",-1.66B,ca
"Apr 01, 2004 (Mar)",-2.21B,ca
"Mar 01, 2004 (Feb)",-2.29B,ca
"Feb 01, 2004 (Jan)",-0.95B,ca
"Jan 01, 2004 (Dec)",-2.97B,ca
"Dec 01, 2003 (Nov)",-0.45B,ca
"Nov 01, 2003 (Oct)",0.09B,ca
"Oct 01, 2003 (Sep)",0.72B,ca
"Sep 01, 2003 (Aug)",0.91B,ca
"Aug 01, 2003 (Jul)",-0.33B,ca
"Jul 01, 2003 (Jun)",-0.79B,ca
"Jun 01, 2003 (May)",-0.71B,ca
"May 01, 2003 (Apr)",-0.94B,ca
"Apr 01, 2003 (Mar)",-1.40B,ca
"Mar 01, 2003 (Feb)",-1.42B,ca
"Feb 01, 2003 (Jan)",-0.27B,ca
"Jan 01, 2003 (Dec)",-1.21B,ca
"Dec 01, 2002 (Nov)",-0.11B,ca
"Nov 01, 2002 (Oct)",0.53B,ca
"Oct 01, 2002 (Sep)",0.64B,ca
"Sep 01, 2002 (Aug)",0.53B,ca
"Aug 01, 2002 (Jul)",0.08B,ca
"Jul 01, 2002 (Jun)",0.18B,ca
"Jun 01, 2002 (May)",-0.23B,ca
"May 01, 2002 (Apr)",-0.57B,ca
"Apr 01, 2002 (Mar)",-0.12B,ca
"Mar 01, 2002 (Feb)",-0.35B,ca
"Feb 01, 2002 (Jan)",0.01B,ca
"Jan 01, 2002 (Dec)",-0.10B,ca
"Dec 01, 2001 (Nov)",0.26B,ca
"Nov 01, 2001 (Oct)",0.65B,ca
"Oct 01, 2001 (Sep)",0.76B,ca
"Sep 01, 2001 (Aug)",0.87B,ca
"Aug 01, 2001 (Jul)",0.46B,ca
"Jul 01, 2001 (Jun)",0.31B,ca
"Jun 01, 2001 (May)",0.43B,ca
"May 01, 2001 (Apr)",0.68B,ca
"Apr 01, 2001 (Mar)",0.24B,ca
"Mar 01, 2001 (Feb)",-0.09B,ca
"Feb 01, 2001 (Jan)",-0.72B,ca
"Jan 01, 2001 (Dec)",-0.75B,ca
"Dec 01, 2000 (Nov)",-1.57B,ca
"Nov 01, 2000 (Oct)",-0.70B,ca
"Oct 01, 2000 (Sep)",-0.22B,ca
"Sep 01, 2000 (Aug)",-0.73B,ca
"Aug 01, 2000 (Jul)",-0.38B,ca
"Jul 01, 2000 (Jun)",-1.33B,ca
"Jun 01, 2000 (May)",-1.05B,ca
"May 01, 2000 (Apr)",-0.90B,ca
"Apr 01, 2000 (Mar)",-1.07B,ca
"Mar 01, 2000 (Feb)",-1.09B,ca
"Feb 01, 2000 (Jan)",-0.14B,ca
"Jan 01, 2000 (Dec)",-1.04B,ca
"Mar 03, 2023 (Feb)",0.7661,ppi
"Feb 03, 2023 (Jan)",0.8646,ppi
"Jan 03, 2023 (Dec)",0.9772,ppi
"Dec 05, 2022 (Nov)",1.3602,ppi
"Nov 03, 2022 (Oct)",1.5769,ppi
"Oct 03, 2022 (Sep)",1.515,ppi
"Sep 05, 2022 (Aug)",1.4375,ppi
"Aug 03, 2022 (Jul)",1.4461,ppi
"Jul 04, 2022 (Jun)",1.3831,ppi
"Jun 03, 2022 (May)",1.3216,ppi
"May 05, 2022 (Apr)",1.2182,ppi
"Apr 04, 2022 (Mar)",1.1497,ppi
"Mar 03, 2022 (Feb)",1.0501,ppi
"Feb 03, 2022 (Jan)",0.9353,ppi
"Jan 03, 2022",0.7989,ppi
"Dec 03, 2021 (Nov)",0.5462,ppi
"Nov 03, 2021 (Oct)",0.4631,ppi
"Oct 04, 2021 (Sep)",0.4396,ppi
"Sep 03, 2021 (Aug)",0.4552,ppi
"Aug 03, 2021 (Jul)",0.4492,ppi
"Jul 05, 2021 (Jun)",0.4289,ppi
"Jun 03, 2021 (May)",0.3833,ppi
"May 03, 2021 (Apr)",0.3517,ppi
"Apr 05, 2021 (Mar)",0.312,ppi
"Mar 03, 2021 (Feb)",0.2709,ppi
"Feb 03, 2021 (Jan)",0.2616,ppi
"Jan 04, 2021",0.2515,ppi
"Dec 03, 2020 (Nov)",0.2311,ppi
"Nov 03, 2020 (Oct)",0.182,ppi
"Oct 05, 2020 (Sep)",0.1433,ppi
"Sep 03, 2020 (Aug)",0.1153,ppi
"Aug 04, 2020 (Jul)",0.0833,ppi
"Jul 03, 2020 (Jun)",0.0617,ppi
"Jun 03, 2020 (May)",0.0553,ppi
"May 04, 2020 (Apr)",0.0671,ppi
"Apr 03, 2020 (Mar)",0.085,ppi
"Mar 03, 2020 (Feb)",0.0926,ppi
"Feb 03, 2020 (Jan)",0.0884,ppi
"Jan 03, 2020 (Dec)",0.0736,ppi
"Dec 03, 2019 (Nov)",0.0426,ppi
"Nov 04, 2019 (Oct)",0.017,ppi
"Oct 03, 2019 (Sep)",0.0245,ppi
"Sep 03, 2019 (Aug)",0.1345,ppi
"Aug 05, 2019 (Jul)",0.2166,ppi
"Jul 03, 2019 (Jun)",0.2504,ppi
"Jun 03, 2019 (May)",0.2871,ppi
"May 03, 2019 (Apr)",0.3012,ppi
"Apr 03, 2019 (Mar)",0.2964,ppi
"Mar 04, 2019 (Feb)",0.2959,ppi
"Feb 04, 2019 (Jan)",0.3293,ppi
"Jan 03, 2019 (Dec)",0.3364,ppi
"Dec 03, 2018 (Nov)",0.3854,ppi
"Nov 05, 2018 (Oct)",0.4501,ppi
"Oct 03, 2018 (Sep)",0.4615,ppi
"Sep 03, 2018 (Aug)",0.3213,ppi
"Aug 03, 2018 (Jul)",0.25,ppi
"Jul 03, 2018 (Jun)",0.2371,ppi
"Jun 04, 2018 (May)",0.2016,ppi
"May 03, 2018 (Apr)",0.1637,ppi
"Apr 03, 2018 (Mar)",0.1428,ppi
"Mar 05, 2018 (Feb)",0.1371,ppi
"Feb 05, 2018 (Jan)",0.1214,ppi
"Jan 03, 2018 (Dec)",0.1547,ppi
"Dec 04, 2017 (Nov)",0.173,ppi
"Nov 03, 2017 (Oct)",0.1728,ppi
"Oct 03, 2017 (Sep)",0.1628,ppi
"Sep 05, 2017 (Aug)",0.1634,ppi
"Aug 03, 2017 (Jul)",0.1545,ppi
"Jul 03, 2017 (Jun)",0.1487,ppi
"Jun 05, 2017 (May)",0.1526,ppi
"May 03, 2017 (Apr)",0.1637,ppi
"Apr 03, 2017 (Mar)",0.1609,ppi
"Mar 03, 2017 (Feb)",0.1536,ppi
"Feb 03, 2017 (Jan)",0.1369,ppi
"Jan 03, 2017",0.0994,ppi
"Dec 05, 2016 (Nov)",0.0641,ppi
"Nov 03, 2016 (Oct)",0.0284,ppi
"Oct 03, 2016 (Sep)",0.0178,ppi
"Sep 05, 2016 (Aug)",0.0303,ppi
"Aug 03, 2016 (Jul)",0.0396,ppi
"Jul 04, 2016 (Jun)",0.0341,ppi
"Jun 03, 2016 (May)",0.0325,ppi
"May 03, 2016 (Apr)",0.0287,ppi
"Apr 04, 2016 (Mar)",0.038,ppi
"Mar 03, 2016 (Feb)",0.0447,ppi
"Feb 03, 2016 (Jan)",0.0594,ppi
"Jan 04, 2016 (Dec)",0.0571,ppi
"Dec 03, 2015 (Nov)",0.0525,ppi
"Nov 03, 2015 (Oct)",0.0574,ppi
"Oct 05, 2015 (Sep)",0.0692,ppi
"Sep 03, 2015 (Aug)",0.0621,ppi
"Aug 03, 2015 (Jul)",0.0562,ppi
"Jul 03, 2015 (Jun)",0.0673,ppi
"Jun 03, 2015 (May)",0.0652,ppi
"May 04, 2015 (Apr)",0.048,ppi
"Apr 03, 2015 (Mar)",0.0341,ppi
"Mar 03, 2015 (Feb)",0.031,ppi
"Feb 03, 2015 (Jan)",0.0328,ppi
"Jan 05, 2015 (Dec)",0.0636,ppi
"Dec 03, 2014 (Nov)",0.0836,ppi
"Nov 03, 2014 (Oct)",0.101,ppi
"Oct 03, 2014 (Sep)",0.0984,ppi
"Sep 03, 2014",0.0988,ppi
"Aug 04, 2014",0.0946,ppi
"Jul 03, 2014",0.0975,ppi
"Jun 03, 2014",0.1128,ppi
"May 05, 2014",0.1298,ppi
"Apr 03, 2014",0.1231,ppi
"Mar 03, 2014",0.124,ppi
"Feb 03, 2014",0.1072,ppi
"Jan 03, 2014",0.0697,ppi
"Dec 03, 2013",0.0567,ppi
"Nov 04, 2013",0.068,ppi
"Oct 03, 2013",0.062,ppi
"Sep 03, 2013",0.064,ppi
"Aug 05, 2013",0.066,ppi
"Jul 03, 2013",0.052,ppi
"Jun 03, 2013",0.022,ppi
"May 01, 2013 (Apr)",0.017,ppi
"Apr 01, 2013 (Mar)",0.023,ppi
"Mar 01, 2013 (Feb)",0.0184,ppi
"Feb 01, 2013 (Jan)",0.0188,ppi
"Jan 01, 2013 (Dec)",0.0245,ppi
"Dec 01, 2012 (Nov)",0.036,ppi
"Nov 01, 2012 (Oct)",0.0257,ppi
"Oct 01, 2012 (Sep)",0.0403,ppi
"Sep 01, 2012 (Aug)",0.0456,ppi
"Aug 01, 2012 (Jul)",0.0613,ppi
"Jul 01, 2012 (Jun)",0.0644,ppi
"Jun 01, 2012 (May)",0.0806,ppi
"May 01, 2012 (Apr)",0.0765,ppi
"Apr 01, 2012 (Mar)",0.0822,ppi
"Mar 01, 2012 (Feb)",0.0915,ppi
"Feb 01, 2012 (Jan)",0.1113,ppi
"Jan 01, 2012 (Dec)",0.1333,ppi
"Dec 01, 2011 (Nov)",0.1367,ppi
"Nov 01, 2011 (Oct)",0.1258,ppi
"Oct 01, 2011 (Sep)",0.1215,ppi
"Sep 01, 2011 (Aug)",0.11,ppi
"Aug 01, 2011 (Jul)",0.1034,ppi
"Jul 01, 2011 (Jun)",0.1019,ppi
"Jun 01, 2011 (May)",0.0963,ppi
"May 01, 2011 (Apr)",0.0821,ppi
"Apr 01, 2011 (Mar)",0.1008,ppi
"Mar 01, 2011 (Feb)",0.1087,ppi
"Feb 01, 2011 (Jan)",0.108,ppi
"Jan 01, 2011 (Dec)",0.0887,ppi
"Dec 01, 2010 (Nov)",0.0817,ppi
"Nov 01, 2010 (Oct)",0.0992,ppi
"Oct 01, 2010 (Sep)",0.0891,ppi
"Sep 01, 2010 (Aug)",0.0903,ppi
"Aug 01, 2010 (Jul)",0.0824,ppi
"Jul 01, 2010 (Jun)",0.0764,ppi
"Jun 01, 2010 (May)",0.0921,ppi
"May 01, 2010 (Apr)",0.1042,ppi
"Apr 01, 2010 (Mar)",0.0858,ppi
"Mar 01, 2010 (Feb)",0.0682,ppi
"Feb 01, 2010 (Jan)",0.063,ppi
"Jan 01, 2010 (Dec)",0.0593,ppi
"Dec 01, 2009 (Nov)",0.0151,ppi
"Nov 01, 2009 (Oct)",0.0019,ppi
"Oct 01, 2009 (Sep)",0.0047,ppi
"Sep 01, 2009 (Aug)",-0.0104,ppi
"Aug 01, 2009 (Jul)",-0.0375,ppi
"Jul 01, 2009 (Jun)",-0.0186,ppi
"Jun 01, 2009 (May)",-0.0246,ppi
"May 01, 2009 (Apr)",-0.0035,ppi
"Apr 01, 2009 (Mar)",0.0346,ppi
"Mar 01, 2009 (Feb)",0.0643,ppi
"Feb 01, 2009 (Jan)",0.079,ppi
"Jan 01, 2009 (Dec)",0.0811,ppi
"Dec 01, 2008 (Nov)",0.1225,ppi
"Nov 01, 2008 (Oct)",0.1329,ppi
"Oct 01, 2008 (Sep)",0.1249,ppi
"Sep 01, 2008 (Aug)",0.1467,ppi
"Aug 01, 2008 (Jul)",0.1841,ppi
"Jul 01, 2008 (Jun)",0.1703,ppi
"Jun 01, 2008 (May)",0.1653,ppi
"May 01, 2008 (Apr)",0.1456,ppi
"Apr 01, 2008 (Mar)",0.105,ppi
"Mar 01, 2008 (Feb)",0.0815,ppi
"Feb 01, 2008 (Jan)",0.0644,ppi
"Jan 01, 2008 (Dec)",0.0594,ppi
"Dec 01, 2007 (Nov)",0.0565,ppi
"Nov 01, 2007 (Oct)",0.0441,ppi
"Oct 01, 2007 (Sep)",0.0502,ppi
"Sep 01, 2007 (Aug)",0.0372,ppi
"Aug 01, 2007 (Jul)",0.0208,ppi
"Jul 01, 2007 (Jun)",0.0289,ppi
"Jun 01, 2007 (May)",0.0714,ppi
"May 01, 2007 (Apr)",0.0968,ppi
"Apr 01, 2007 (Mar)",0.1092,ppi
"Mar 01, 2007 (Feb)",0.1013,ppi
"Feb 01, 2007 (Jan)",0.0937,ppi
"Jan 01, 2007 (Dec)",0.1158,ppi
"Dec 01, 2006 (Nov)",0.1147,ppi
"Nov 01, 2006 (Oct)",0.0927,ppi
"Oct 01, 2006 (Sep)",0.0949,ppi
"Sep 01, 2006 (Aug)",0.1156,ppi
"Aug 01, 2006 (Jul)",0.1434,ppi
"Jul 01, 2006 (Jun)",0.1307,ppi
"Jun 01, 2006 (May)",0.0907,ppi
"May 01, 2006 (Apr)",0.0579,ppi
"Apr 01, 2006 (Mar)",0.0588,ppi
"Mar 01, 2006 (Feb)",0.0786,ppi
"Feb 01, 2006 (Jan)",0.0756,ppi
"Jan 01, 2006 (Dec)",0.0454,ppi
"Dec 01, 2005 (Nov)",0.0491,ppi
"Nov 01, 2005 (Oct)",0.0815,ppi
"Oct 01, 2005 (Sep)",0.1091,ppi
"Sep 01, 2005 (Aug)",0.1112,ppi
"Aug 01, 2005 (Jul)",0.1009,ppi
"Jul 01, 2005 (Jun)",0.087,ppi
"Jun 01, 2005 (May)",0.0719,ppi
"May 01, 2005 (Apr)",0.075,ppi
"Apr 01, 2005 (Mar)",0.0816,ppi
"Mar 01, 2005 (Feb)",0.0813,ppi
"Feb 01, 2005 (Jan)",0.0992,ppi
"Jan 01, 2005 (Dec)",0.1384,ppi
"Dec 01, 2004 (Nov)",0.144,ppi
"Nov 01, 2004 (Oct)",0.1548,ppi
"Oct 01, 2004 (Sep)",0.125,ppi
"Sep 01, 2004 (Aug)",0.1052,ppi
"Aug 01, 2004 (Jul)",0.0944,ppi
"Jul 01, 2004 (Jun)",0.1053,ppi
"Jun 01, 2004 (May)",0.0956,ppi
"May 01, 2004 (Apr)",0.0891,ppi
"Apr 01, 2004 (Mar)",0.0797,ppi
"Mar 01, 2004 (Feb)",0.0914,ppi
"Feb 01, 2004 (Jan)",0.1076,ppi
"Jan 01, 2004 (Dec)",0.1394,ppi
"Dec 01, 2003 (Nov)",0.1618,ppi
"Nov 01, 2003 (Oct)",0.161,ppi
"Oct 01, 2003 (Sep)",0.1907,ppi
"Sep 01, 2003 (Aug)",0.227,ppi
"Aug 01, 2003 (Jul)",0.2557,ppi
"Jul 01, 2003 (Jun)",0.2962,ppi
"Jun 01, 2003 (May)",0.3369,ppi
"May 01, 2003 (Apr)",0.3508,ppi
"Apr 01, 2003 (Mar)",0.3515,ppi
"Mar 01, 2003 (Feb)",0.3339,ppi
"Feb 01, 2003 (Jan)",0.3264,ppi
"Jan 01, 2003 (Dec)",0.3084,ppi
"Dec 01, 2002 (Nov)",0.3278,ppi
"Nov 01, 2002 (Oct)",0.3612,ppi
"Oct 01, 2002 (Sep)",0.4087,ppi
"Sep 01, 2002 (Aug)",0.4393,ppi
"Aug 01, 2002 (Jul)",0.4591,ppi
"Jul 01, 2002 (Jun)",0.468,ppi
"Jun 01, 2002 (May)",0.493,ppi
"May 01, 2002 (Apr)",0.5805,ppi
"Apr 01, 2002 (Mar)",0.7753,ppi
"Mar 01, 2002 (Feb)",0.9182,ppi
"Feb 01, 2002 (Jan)",0.9195,ppi
"Jan 01, 2002 (Dec)",0.8856,ppi
"Dec 01, 2001 (Nov)",0.8452,ppi
"Nov 01, 2001 (Oct)",0.8137,ppi
"Oct 01, 2001 (Sep)",0.7468,ppi
"Sep 01, 2001 (Aug)",0.6964,ppi
"Aug 01, 2001 (Jul)",0.6539,ppi
"Jul 01, 2001 (Jun)",0.6176,ppi
"Jun 01, 2001 (May)",0.5771,ppi
"May 01, 2001 (Apr)",0.5087,ppi
"Apr 01, 2001 (Mar)",0.3508,ppi
"Mar 01, 2001 (Feb)",0.2654,ppi
"Feb 01, 2001 (Jan)",0.2831,ppi
"Jan 01, 2001 (Dec)",0.3266,ppi
"Dec 01, 2000 (Nov)",0.3911,ppi
"Nov 01, 2000 (Oct)",0.4138,ppi
"Oct 01, 2000 (Sep)",0.4395,ppi
"Sep 01, 2000 (Aug)",0.4893,ppi
"Aug 01, 2000 (Jul)",0.5235,ppi
"Jul 01, 2000 (Jun)",0.5679,ppi
"Jun 01, 2000 (May)",0.5916,ppi
"May 01, 2000 (Apr)",0.6151,ppi
"Apr 01, 2000 (Mar)",0.6607,ppi
"Mar 01, 2000 (Feb)",0.6751,ppi
"Feb 01, 2000 (Jan)",0.6638,ppi
"Jan 01, 2000 (Dec)",0.6291,ppi
02/01/2023,18.8875,usdtry
01/01/2023,18.8115,usdtry
12/01/2022,18.6905,usdtry
11/01/2022,18.6121,usdtry
10/01/2022,18.6151,usdtry
09/01/2022,18.5024,usdtry
08/01/2022,18.1978,usdtry
07/01/2022,17.9148,usdtry
06/01/2022,16.7,usdtry
05/01/2022,16.4035,usdtry
04/01/2022,14.8517,usdtry
03/01/2022,14.6739,usdtry
02/01/2022,13.8486,usdtry
01/01/2022,13.3209,usdtry
12/01/2021,13.3211,usdtry
11/01/2021,13.4782,usdtry
10/01/2021,9.608,usdtry
09/01/2021,8.8912,usdtry
08/01/2021,8.3164,usdtry
07/01/2021,8.454,usdtry
06/01/2021,8.7087,usdtry
05/01/2021,8.4896,usdtry
04/01/2021,8.2884,usdtry
03/01/2021,8.2489,usdtry
02/01/2021,7.4253,usdtry
01/01/2021,7.3149,usdtry
12/01/2020,7.437,usdtry
11/01/2020,7.8324,usdtry
10/01/2020,8.3468,usdtry
09/01/2020,7.7187,usdtry
08/01/2020,7.3506,usdtry
07/01/2020,6.9719,usdtry
06/01/2020,6.8525,usdtry
05/01/2020,6.8202,usdtry
04/01/2020,6.9864,usdtry
03/01/2020,6.6143,usdtry
02/01/2020,6.2427,usdtry
01/01/2020,5.9822,usdtry
12/01/2019,5.9489,usdtry
11/01/2019,5.747,usdtry
10/01/2019,5.713,usdtry
09/01/2019,5.6489,usdtry
08/01/2019,5.8306,usdtry
07/01/2019,5.5864,usdtry
06/01/2019,5.7921,usdtry
05/01/2019,5.8382,usdtry
04/01/2019,5.9656,usdtry
03/01/2019,5.5555,usdtry
02/01/2019,5.3371,usdtry
01/01/2019,5.1645,usdtry
12/01/2018,5.2887,usdtry
11/01/2018,5.2128,usdtry
10/01/2018,5.5835,usdtry
09/01/2018,6.056,usdtry
08/01/2018,6.538,usdtry
07/01/2018,4.9142,usdtry
06/01/2018,4.5872,usdtry
05/01/2018,4.5245,usdtry
04/01/2018,4.0617,usdtry
03/01/2018,3.9552,usdtry
02/01/2018,3.7988,usdtry
01/01/2018,3.7555,usdtry
12/01/2017,3.79,usdtry
11/01/2017,3.919,usdtry
10/01/2017,3.792,usdtry
09/01/2017,3.5637,usdtry
08/01/2017,3.4527,usdtry
07/01/2017,3.5193,usdtry
06/01/2017,3.5212,usdtry
05/01/2017,3.527,usdtry
04/01/2017,3.5516,usdtry
03/01/2017,3.6352,usdtry
02/01/2017,3.6472,usdtry
01/01/2017,3.7734,usdtry
12/01/2016,3.5277,usdtry
11/01/2016,3.437,usdtry
10/01/2016,3.0939,usdtry
09/01/2016,2.9992,usdtry
08/01/2016,2.958,usdtry
07/01/2016,2.9883,usdtry
06/01/2016,2.8777,usdtry
05/01/2016,2.9494,usdtry
04/01/2016,2.7955,usdtry
03/01/2016,2.817,usdtry
02/01/2016,2.9654,usdtry
01/01/2016,2.9553,usdtry
12/01/2015,2.9177,usdtry
11/01/2015,2.9131,usdtry
10/01/2015,2.9151,usdtry
09/01/2015,3.0257,usdtry
08/01/2015,2.9148,usdtry
07/01/2015,2.771,usdtry
06/01/2015,2.6816,usdtry
05/01/2015,2.663,usdtry
04/01/2015,2.6723,usdtry
03/01/2015,2.5978,usdtry
02/01/2015,2.5088,usdtry
01/01/2015,2.4464,usdtry
12/01/2014,2.3345,usdtry
11/01/2014,2.2196,usdtry
10/01/2014,2.224,usdtry
09/01/2014,2.2782,usdtry
08/01/2014,2.1639,usdtry
07/01/2014,2.1418,usdtry
06/01/2014,2.1191,usdtry
05/01/2014,2.0971,usdtry
04/01/2014,2.1125,usdtry
03/01/2014,2.1407,usdtry
02/01/2014,2.2093,usdtry
01/01/2014,2.2607,usdtry
12/01/2013,2.1458,usdtry
11/01/2013,2.0198,usdtry
10/01/2013,1.996,usdtry
09/01/2013,2.0186,usdtry
08/01/2013,2.0403,usdtry
07/01/2013,1.9353,usdtry
06/01/2013,1.9288,usdtry
05/01/2013,1.8756,usdtry
04/01/2013,1.793,usdtry
03/01/2013,1.809,usdtry
02/01/2013,1.7985,usdtry
01/01/2013,1.7589,usdtry
12/01/2012,1.7837,usdtry
11/01/2012,1.7873,usdtry
10/01/2012,1.7936,usdtry
09/01/2012,1.7964,usdtry
08/01/2012,1.8186,usdtry
07/01/2012,1.7951,usdtry
06/01/2012,1.8097,usdtry
05/01/2012,1.8661,usdtry
04/01/2012,1.7565,usdtry
03/01/2012,1.7825,usdtry
02/01/2012,1.7491,usdtry
01/01/2012,1.7773,usdtry
12/01/2011,1.885,usdtry
11/01/2011,1.8293,usdtry
10/01/2011,1.771,usdtry
09/01/2011,1.8599,usdtry
08/01/2011,1.7162,usdtry
07/01/2011,1.6887,usdtry
06/01/2011,1.6206,usdtry
05/01/2011,1.5939,usdtry
04/01/2011,1.5211,usdtry
03/01/2011,1.5454,usdtry
02/01/2011,1.5986,usdtry
01/01/2011,1.6045,usdtry
12/01/2010,1.5419,usdtry
11/01/2010,1.5049,usdtry
10/01/2010,1.433,usdtry
09/01/2010,1.4482,usdtry
08/01/2010,1.5267,usdtry
07/01/2010,1.5078,usdtry
06/01/2010,1.5869,usdtry
05/01/2010,1.5741,usdtry
04/01/2010,1.4897,usdtry
03/01/2010,1.5192,usdtry
02/01/2010,1.5467,usdtry
01/01/2010,1.497,usdtry
12/01/2009,1.5002,usdtry
11/01/2009,1.5282,usdtry
10/01/2009,1.5064,usdtry
09/01/2009,1.4839,usdtry
08/01/2009,1.5004,usdtry
07/01/2009,1.4711,usdtry
06/01/2009,1.5415,usdtry
05/01/2009,1.5356,usdtry
04/01/2009,1.5983,usdtry
03/01/2009,1.662,usdtry
02/01/2009,1.7001,usdtry
01/01/2009,1.6433,usdtry
12/01/2008,1.5405,usdtry
11/01/2008,1.5652,usdtry
10/01/2008,1.5422,usdtry
09/01/2008,1.2765,usdtry
08/01/2008,1.1845,usdtry
07/01/2008,1.1616,usdtry
06/01/2008,1.2237,usdtry
05/01/2008,1.2189,usdtry
04/01/2008,1.2747,usdtry
03/01/2008,1.3347,usdtry
02/01/2008,1.2205,usdtry
01/01/2008,1.1715,usdtry
12/01/2007,1.1677,usdtry
11/01/2007,1.1835,usdtry
10/01/2007,1.1649,usdtry
09/01/2007,1.2071,usdtry
08/01/2007,1.3003,usdtry
07/01/2007,1.2843,usdtry
06/01/2007,1.3125,usdtry
05/01/2007,1.3175,usdtry
04/01/2007,1.3645,usdtry
03/01/2007,1.392,usdtry
02/01/2007,1.413,usdtry
01/01/2007,1.4065,usdtry
12/01/2006,1.4155,usdtry
11/01/2006,1.4537,usdtry
10/01/2006,1.4572,usdtry
09/01/2006,1.5145,usdtry
08/01/2006,1.4647,usdtry
07/01/2006,1.4976,usdtry
06/01/2006,1.5825,usdtry
05/01/2006,1.5735,usdtry
04/01/2006,1.3225,usdtry
03/01/2006,1.3445,usdtry
02/01/2006,1.314,usdtry
01/01/2006,1.3228,usdtry
12/01/2005,1.3505,usdtry
11/01/2005,1.3565,usdtry
10/01/2005,1.3515,usdtry
09/01/2005,1.3465,usdtry
08/01/2005,1.345,usdtry
07/01/2005,1.3259,usdtry
06/01/2005,1.3305,usdtry
05/01/2005,1.3645,usdtry
04/01/2005,1.3915,usdtry
03/01/2005,1.3525,usdtry
02/01/2005,1.283,usdtry
01/01/2005,1.3355,usdtry
12/01/2004,1.3485,usdtry
11/01/2004,1.4315,usdtry
10/01/2004,1.4715,usdtry
09/01/2004,1.504,usdtry
08/01/2004,1.502,usdtry
07/01/2004,1.468,usdtry
06/01/2004,1.4855,usdtry
05/01/2004,1.4895,usdtry
04/01/2004,1.4206,usdtry
03/01/2004,1.3135,usdtry
02/01/2004,1.327,usdtry
01/01/2004,1.341,usdtry
12/01/2003,1.4026,usdtry
11/01/2003,1.4635,usdtry
10/01/2003,1.4844,usdtry
09/01/2003,1.3898,usdtry
08/01/2003,1.4018,usdtry
07/01/2003,1.4234,usdtry
06/01/2003,1.42,usdtry
05/01/2003,1.429,usdtry
04/01/2003,1.5657,usdtry
03/01/2003,1.7155,usdtry
02/01/2003,1.597,usdtry
01/01/2003,1.65,usdtry
12/01/2002,1.66,usdtry
11/01/2002,1.5385,usdtry
10/01/2002,1.677,usdtry
09/01/2002,1.655,usdtry
08/01/2002,1.63,usdtry
07/01/2002,1.69,usdtry
06/01/2002,1.5825,usdtry
05/01/2002,1.4395,usdtry
04/01/2002,1.341,usdtry
03/01/2002,1.3475,usdtry
02/01/2002,1.3965,usdtry
01/01/2002,1.307,usdtry
12/01/2001,1.45,usdtry
11/01/2001,1.479,usdtry
10/01/2001,1.5975,usdtry
09/01/2001,1.54,usdtry
08/01/2001,1.37,usdtry
07/01/2001,1.33,usdtry
06/01/2001,1.265,usdtry
05/01/2001,1.17,usdtry
04/01/2001,1.1455,usdtry
03/01/2001,1.045,usdtry
02/01/2001,0.955,usdtry
01/01/2001,0.6752,usdtry
12/01/2000,0.6703,usdtry
11/01/2000,0.6827,usdtry
10/01/2000,0.6823,usdtry
09/01/2000,0.6646,usdtry
08/01/2000,0.6551,usdtry
07/01/2000,0.6352,usdtry
06/01/2000,0.6204,usdtry
05/01/2000,0.6157,usdtry
04/01/2000,0.6113,usdtry
03/01/2000,0.5891,usdtry
02/01/2000,0.5743,usdtry
01/01/2000,0.5597,usdtry
